교육역량강화,2015.01.12.,금오공대 2015년 등록금 동결,"머니투데이 대학경제 김동홍 기자 금오공과대학교총장 김영식는 9일 학생, 교직원, 동문 등으로 구성된 등록금심의위원회를 개최하여 2015년도 학생 등록금을 동결하기로 결정했다.    올해 금오공대 계열별 등록금은 한 학기 기준, 인문사회계열 170만3,000원, 이학계열 177만1,000원 공학계열 189만9,000원으로 전국 국공립대학 가운데 최저 수준이다.   금오공대 김영식 총장은 “우리 대학은 2009년 이래 지속적으로 등록금을 동결 내지 인하하였다.” 며 “재정 수요가 증가하고 있는 현실에서 올해는 인상이 불가피하다고 생각하고 있었으나 정부 정책 방향에 부응하고 학생 및 학부모들의 부담을 최소화 하겠다는 의지로 등록금을 동결하기로 결정했다”고 밝혔다. 또한 “실제 소비자 물가상승률에 대비할 경우 사실상 인하가 되어 대학들의 재정 압박이 가중되고 있지만, 이러한 상황에도 수요자 중심의 교육정책을 실시하는데 최선의 노력을 기울일 것이다.며, “부족한 재정은 국책사업 유치와 소모성 경비 절감 등을 통해 극복할 방침”이라고 밝혔다.    한편, 금오공대는 창조  융합인재양성사업, 국립대학 혁신지원사업 연속 최우수 대학, 4년 연속 교육역량강화사업 최우수 대학, 대학 특성화 사업 3개 사업단 등에 선정되며 국내 유일 특수목적 공과대학으로 거듭 발전하고 있다.    내 삶을 바꾸는 정치뉴스  300 바로가기 스페셜 걸 포토 손안의 경제뉴스 머니투데이 모바일웹    티타임즈  취업의 모든 것 잡드림   김동홍 기자  저작권자 ⓒ 돈이 보이는 리얼타임 뉴스 머니투데이,"
교육역량강화,2015.01.13.,[전국 패트롤] 금오공대 올해 등록금 전국 최저수준으로 동결,"경북 구미시에 소재한 금오공과대학교 등록금심의위원회는 올해 학생 등록금을 동결키로 했다고 13일 발표했다. 이에 따라 금오공대는 지난 2009년부터 매년 등록금을 동결하거나 인하함으로써 한 학기 기준 인문사회계열은 170만원, 이학 177만원, 공학계열이 189만원으로 전국 최저수준을 유지하게 됐다. 이 학교는 창조    융합인재양성사업, 국립대학 혁신지원사업 연속 최우수 대학, 4년 연속 교육역량강화사업 최우수 대학, 대학 특성화 사업 3개 사업단 등에 선정되는 등 국내 유일의 특수목적 공대로 발하고 있다 . 이현종기자  ⓒ 한국미디어네트워크,"
교육역량강화,2015.02.24.,한림성심대 제6대 우형식 총장 취임식,"머니투데이 대학경제 권현수 기자  본문 이미지 영역 한림성심대학교 제6대 우형식 총장 취임식이 오는 25일 오후 2시 관광레저센터에서 열린다.  제5대 금오공과대 총장을 역임한 우형식 총장은 금오공과대에 재임 중에 대학 인지도를 높이고, 취업률 향상과 국책사업에서 높은 성과를 올렸다.  지난 2009년 76위의 대학 대외 평가에서 2012년에는 43위로 끌어올렸으며, 2012학년도에는 취업률 71를 달성해 5년간 연속  전국 4년제 대학 ‘다’그룹에서 취업우수대학으로 선정돼 대구·경북지역에서 1위, 전국국립대학에서 6위를 차지하는 성과를 올렸다.  국책사업부분에서는 학부교육선도대학 사업, 5년 연속 교육역량강화사업 선정, 산학협력선도대학 육성사업, 공학교육혁신대학지원사업, 창업교육패키지 지원사업 등 재임기간 동안 총 1,200억여 원의 국책사업을 수주하는 등 학교 경영 및 운영부분에서 큰 성과를 올렸다.      우형식 총장은 “한림성심대학교가 학령인구 감소, 재정 압박, 대학구조개혁이라는 중대과제에 직면하고 있지만 전임 총장님의 경험을 살리고 대학 구성원들과 충분한 소통을 통해 한림성심대가 더욱 발전할 수 있는 새로운 로드맵을 만들어 추진하겠다”라고 밝혔다.        내 삶을 바꾸는 정치뉴스  300 바로가기 스페셜 걸 포토 손안의 경제뉴스 머니투데이 모바일웹    티타임즈  취업의 모든 것 잡드림   권현수 기자  저작권자 ⓒ 돈이 보이는 리얼타임 뉴스 머니투데이,"
교육역량강화,2015.02.24.,한림성심대 제6대 우형식 총장 25일 취임,"【춘천뉴시스】전형준 기자  한림성심대학교 제6대 우형식 총장 취임식이 오는 25일 오후 2시 교내 관광레저센터에서 열린다.   서울대 사회교육과와 미국 오리건대 대학원을 졸업한 우 총장은 지난 1994년 교육부 인사담당 서기관을 비롯해 교육부 장관비서관, 지방교육자치과장, 총무과장, 교육인적자원부 지방교육지원국 국장, 울산과학기술대 이사, 교육과학기술부 제1차관을 지냈다.   제5대 금오공과대학교 총장을 역임한 우 총장은 재임중 대학 인지도를 높이고 취업률 향상과 국책사업에서 높은 성과를 올렸다.   지난 2009년 76위의 대학 대외 평가에서 2012년에 43위로 끌어올렸다.   특히 2012학년도에는 취업률 71를 달성해 5년간 연속 전국4년제 대학 다 그룹에서 취업우수대학 선정을 이끌었으며 대구경북지역에서 1위, 전국국립대학에서 6위를 차지하는 성과를 올리기도 했다.   국책사업부분에서는 학부교육선도대학 사업, 5년 연속 교육역량강화사업 선정, 산학협력선도대학 육성사업, 공학교육혁신대학지원사업, 창업교육패키지 지원사업 등 재임기간 동안 모두 1200억 원의 국책사업을 수주하는 등 학교 경영 및 운영부분에서 성과를 올렸다.   우 총장은 한림성심대가 학령인구 감소, 재정 압박, 대학구조개혁이라는 중대과제에 직면하고 있지만 전임 총장님의 경험을 살리고 대학 구성원들과 충분한 소통을 통해 한림성심대가 더욱 발전할 수 있는 새로운 로드맵을 만들어 추진하겠다고 밝혔다.    2529 .    뉴시스 뉴스, 이젠 네이버 뉴스 스탠드에서도 만나세요  손 안에서 보는 세상, 모바일 뉴시스 저작권자ⓒ 공감언론 뉴시스통신사. 무단전재재배포 금지."
교육역량강화,2015.09.11.,[국감초점]상위 20개大 정부재정지원 60%독식…10년전보다 심화,"국회 교육문화체육관광위원회 야당 간사를 맡고 있는 김태년 새정치민주연합 의원. ⓒ  1 김태년 의원 지적… 대부분 수도권 주요대·지방거점 국립대…지방대 14→11개로 감소 서울뉴스1 권형진 기자  서울대, 고려대, 성균관대, 연세대 등 상위 20개 대학이 정부 재정지원사업의 60를 독식하는 것으로 나타났다. 10년 전보다 일부 대학 독식 현상이 심화되었다. 정권마다 지방대 육성을 내세웠지만 정부 재정지원을 많이 받은 상위 20개 대학 안에 포함된 지방대 숫자는 10년 전보다 줄었다.  국회 교육문화체육관광위원회 야당 간사를 맡고 있는 김태년 새정치민주연합 의원이 11일 교육부에서 받은 20042014년 재정지원사업 상위 20개 대학에 따르면 일부 대학 쏠림 현상이 10년 전보다 심해졌다.  정부 재정지원에서 상위 20개 대학이 차지하는 비중이 2004년에는 55.0였다. 2014년에는 57.8로 높아졌다. 올해는 60에 육박한다. 2004년은 수도권대학 특성화사업, 지방대학 혁신역량강화  사업, 두뇌한국  21사업, 지방연구중심대학 육성사업이 대상이다. 2014년은   21플러스사업, 학부교육 선도대학 육성사업, 수도권대학 특성화사업, 지방대학 특성화사업을 분석했다.  상위 20개 대학 얼굴도 거의 바뀌지 않았다. 2014년에 정부 재정지원사업에서 지원을 많이 받은 상위 20곳 가운데 13곳은 2004년에도 상위 20위 안에 포함된 대학이다.  이들 13개 대학에는 특징이 있다. 서울대, 고려대, 성균관대, 연세대, 한양대 등 수도권 주요 대학과 경북대, 충북대, 전남대 등 지방 대규모 국립대라는 점이다. 지방 사립대 가운데는 영남대만 유일하게 포함됐다.   정부가 바뀔 때마다 지방대 육성을 내세웠지만 결과는 약간 다르다. 2004년에는 상위 20곳 중 14곳이 지방대학이었지만 2014년에는 11곳으로 줄었다포스텍 제외. 조선대, 제주대, 창원대, 울산대, 대구대, 강원대, 금오공대가 빠지는 대신 부산대, 동명대, 대구가톨릭대가 새로 상위 20위 안에 들었다.  일부 대학 쏠림 현상은 대학원 연구지원사업과 교육지원사업으로 나누어서 살펴봐도 비슷하다.   21, 세계 수준의 연구중심대학   육성사업 등 대학원 연구지원사업에서 재정지원을 가장 많이 받은 20개 대학과 교육역량강화사업 등 교육 중심 재정지원을 많이 받은 20개 대학 가운데 10개 대학이 겹친다.  10개 대학은 성균관대, 한양대 등 수도권 주요 대학과 부산대, 경북대, 전남대 등 지방 대규모 국립대학이 차지하고 있다. 연구지원사업은 수도권 주요 대학이 상위 20개 대학의 15위를 휩쓸었다. 교육중심 재정지원사업에서는 지방 대규모 국립대가 상위권에 랭크됐다.  김태년 의원은 1995년 5·31교육개혁안을 발표하면서 대학의 다양화, 특성화를 유도하기 위해 평가와 재정지원을 연계했지만 오히려 사업 성격과 무관하게 특정대학에 재정지원이 집중되고 있다고 지적했다. 김 의원은 정부지원이 매우 열악한 상황에서 자율과 경쟁 논리에 기반한 정부의 재정지원은 부익부 빈익빈을 넘어 평가에 매몰된 과열경쟁을 유발하여 대학의 자율적 발전을 가로막게 된다며 이 같은 현상은 정원감축을 목표로 진행되는 구조조정에서 집약적으로 나타나고 있다고 비판했다.    뉴스1 100 무료 만화 서비스 오픈 © 뉴스1코리아 1. ,"
교육역량강화,2015.12.07.,"공학 교육 인프라 자랑, 10년째 취업 우수대학에…국립금오공과대학교","캠퍼스 야경. 금오공대 제공 
금오공과대학교는 2016학년도 정시모집에서 일반전형 가군374명과 나군152명으로 나눠 모두 526명을 선발한다.  금오공과대는 2016학년도부터 신입생 전체를 대상으로 기숙대학을 운영한다. 국립대 최초로 선진 명문형 생활 밀착 교육시스템을 도입해 학생이 자율적으로 참여할 수 있는 환경을 구축한다. 기숙대학을 통해 학생들이 자기 주도적 리더십과 인성을 함양할 수 있도록 전공학습, 인재상 영역 학습을 운영하며, 부가적으로 다양한 복지 혜택과 문화생활 프로그램을 제공할 계획이다. 금오공과대는 공학인재 양성을 위한 교육 인프라가 우수한 대학으로 학생들의 창의발명을 장려하는 다양한 노력을 기울이고 있다. 최근 열린 2015 대학창의 발명대회에서는 국무총리상 1팀, 최우수상 3팀, 우수상 2팀, 장려상 5팀, 지도교수상, 발명동아리 단체상 최우수상 등 최다 수상자를 배출했다. 이러한 성과는 금오공대 창업교육센터와 창업진흥센터, 창의교육원 등 다양한 교육활동 지원이 뒷받침된 결과로 볼 수 있다. 금오공과대는 또 취업에 강한 대학이다. 2014년 취업률 기준으로 10년 연속 다그룹졸업생 1천 명 이상2천 명 미만 취업률 우수대학으로 선정되는 성과를 거뒀다. 2014년 취업률은 66.6로 전국 국공립대학교 평균 취업률인 51.6, 전국 4년제 대학교 평균 취업률인 54.8를 훨씬 웃돌고 있다. 또 86.22014년 기준의 최상위 유지취업률을 자랑한다.  이와 함께 다양한 장학금 제도를 운영하고 있다. 정부지원 장학금을 비롯해 교내 장학금, 발전기금 장학금, 교외 장학금 등을 지급하고 있다. 2014년 기준 재학생 1인당 평균 장학금은 250만원으로 등록금 대비 장학금 지급률은 66에 달한다.  금오공과대는 정부 사업을 통한 학생 지원에서도 성과를 내고 있다. 교육역량강화사업, 학부교육선진화선도대학사업잘 가르치는 대학, 지방대학 특성화사업 등 다양한 학생 참여 프로그램을 시행하고 있다.  이외 대구경북 최초의 지식재산 교육 선도사업 선정 산학협력 선도대학   육성사업단 연차평가 3년 연속 최우수 공공부문 인적자원 개발 우수기관 재인증 창업맞춤형사업 주관기관   21 플러스 특화전문 인재양성 사업 선정 국립대학 혁신지원 평가 2년 연속 최우수 선정 등을 통해 강한 대학의 역량을 보여주고 있다. 도움말 지광환 입학관리본부장 구미 이창희 기자   888 .. ⓒ매일신문   .."
산학협력 선도대학 육성,2015.02.13.,"""산학협력 지역거점대학 성장과 LINC사업단간 협력에 앞장""","머니투데이 대학경제 권현수 기자 이희영 영남대학교   사업단장 인터뷰 본문 이미지 영역 이희영 영남대학교 산학협력선도대학  사업단장이 최근 전국  사업협의회장에 선출되면서 오는 3월부터 1년간 전국 56개 링크사업단을 대표해 산학협력 선도모델을 이끌게 됐다. 특히 이 단장은 그동안 대학의   사업단간의 융합형 산학협력을 강조했기 때문에 앞으로   사업단간의 협력사업이 다수 이뤄질 것으로 전망된다.  그는 산학협력 지역거점대학으로 성장과 각 대학   사업단간 협력 모델을 구축, 이 두 마리 토끼를 다 잡겠다고 강조했다. 각   사업단 경쟁보다 협력으로 시너지 효과 영남대   사업단은 최근 대구대   사업단, 동명대   사업단과   를 통해 기술혁신형과 현장밀착형간 협력, 창업교육 역량 교류 등을 공유하고 있다.  지난해 말에는 영남대대구대   사업단이 공동으로 창조경제 생태계 구축과   사업단의 역할이란 주제로 워크숍을 개최해 산학협력 기술이전에 대한 특강과 기술혁신형 및 현장밀착형   사업 우수사례 발표 등을 진행했다. 또한 특성화 분야인 그린에너지 분야에서는 금오공대   사업단과 공동 포럼을 개최해 성과 공유 등 다양한 협력 모델을 구축하기도 했다. 이희영 단장은 일자리 창출과 창업 활성화 등 창조경제 활성화를 위해 각 권역   사업단과 다양한 협력모델을 구축하도록 힘 쓰고 있다며 각   사업은 경쟁보다는 상생과 협력을 통해 시너지 효과를 발휘할 수 있다고 강조했다. 산학협력을 위한 대학의 체질 개선 영남대가 2단계 산학협력 선도대학 육성사업에 선정되면서 1단계   사업을 통해 구축한 우수한 사업성과를 바탕으로 2단계 사업까지 수행한다. 특히 영남대는 지원규모가 상대적으로 크고 전국단위 경쟁을 거쳐 선정되는 기술혁신형   사업 지원대학으로 선정됐으며, 3년 동안 국비 150억원을 지원받는다. 2단계 사업의 역량을 강화하기 위해 영남대   사업단은 대학의 체질을 지역의 특성에 맞춰 산학협력 친화형으로 전환했다. 공과대 6개 학부과와 이과대 3개 학과, 5개 단과대학의 14개 학부과는 570여개 가족기업과 함께 그린에너지 융·복합 분야 등 다양한 산학협력 사업을 추진했다. 공대를 중심으로 인문사회와 예체능까지 참여하는 융복합 형태의 산학협력에 나선 것이다.   이희영 단장은 영남대가 위치한 지역의 특성을 최대한 살려 대학의 체질을 변화시키고 있다며 또한 지역과 상생하는 대학을 위해 산학협력 중점교수를 늘리고 창업교육센터와 현장실습지원센터, 기업지원센터를 운영하고 있다고 말했다.  그는 또 기업연계형 융·복합 캡스톤디자인 프로젝트의 실시하고 있으며, 지역 산업체 재직사원의 기술혁신 역량강화를 위한 대학원 협동과정 그린에너지융합공학과 신설 등 산업체의 수요를 적극 반영한 산학협력 교육과정의 개편도 단행했다고 설명했다. 아울러 링크사업에 참여하고 있는 500여개 가족기업과는 그린 분야 5개 전문연구회를 가동하고 있다며 이와 함께 중진공 으뜸기업협의체, 중소기업융합중앙회 지역연합회와도   를 맺어 실질적인 산학협력에 나서고 있다고 밝혔다. 본문 이미지 영역 2단계 산학협력 선도대학의 지향점  영남대   사업단은 산학협력 지역거점대학으로 성장과 지속가능한 산학협력의 생태계 마련을 2단계 사업 목표로 잡았다.  이를 위해 이 단장은 청년 창업을 체계적이고 단계적으로 지원해 창업교육센터 사업을 강화하고, 현장실습지원센터를 통한 지역 산업체에 인재를 공급해 취업률을 높이겠다며 또한 그동안 축적한 링크사업의 성과를 개발도상국과 같은 산학협력이 취약한 국가로 전파하는 글로벌 산학협력사업을 추진할 계획이다고 말했다. 그는 이어 1단계 사업을 통해 구축한 인프라를 바탕으로 2단계 사업에서는 기술혁신형 산학협력에 맞는 고부가가치의 성과들을 창출할 것이라며 특히 에너지 융·복합 분야의 창의적 인재를 양성해 지역산업을 선도하고 지역경제 활성화에 기여하는 지역거점 대학의 역할을 다할 것이라고 강조했다.    내 삶을 바꾸는 정치뉴스  300 바로가기 스페셜 걸 포토 손안의 경제뉴스 머니투데이 모바일웹    티타임즈  취업의 모든 것 잡드림   권현수 기자  저작권자 ⓒ 돈이 보이는 리얼타임 뉴스 머니투데이,"
산학협력 선도대학 육성,2015.02.14.,"산학협력, 대한민국 지역경제의 가능성을 비추다","머니투데이 대학경제 김동홍 기자 산학협력 활성화를 위한 교육부의 대표 브랜드 사업인 산학협력 선도대학 육성사업  이 올해 4년째로, 2016년 종료를 앞두고 있다.    사업은 ‘지역대학과 지역산업의 공생발전’을 비전으로, 전국 각 권역별 산학협력 선도대학을 선발·육성하고, 지역 산업체들과 연계하여 ‘인력양성 및 기술개발·이전 → 고용 및 기술혁신 → 지역발전’의 선순환 구조 정착을 목적으로 추진되고 있다. 지방에 위치한 소규모 국립대학으로서 사업 첫 해부터 우수한 성과를 보이고 있는 금오공대의 채석 사업단장은 “정부의 재정지원 사업을 여러 건 해봤지만, 대학의 체질을 산학협력으로 개선하지 않으면 성과를 낼 수 없도록 기획된   만한 사업이 없었던 것 같다”며, “산학협력을 중심으로 대학의 변화를 추동하는데 시발점이 된 것이   였다”고, 소회를 밝혔다.  지난 3년간    사업을 통해 대학과 기업들은 산학협력의 다양한 성과를 보여주고 있다.   동국대    사업단과   콘텐츠 전문기업 아바엔터테인먼트는 미국의 유명 방송미디어 콘텐츠사인    그룹과 10만달러 상당의    콘텐츠 수출 계약을 맺었으며, 대전대    사업단에서    기술을 지원받은 ㈜  글로벌은 한방화장품   아이스프릿을 론칭해 중국 수출 계약에 성공하는 등 산학협력을 통해 성장 동력을 확보한 기업의 성공사례가 전국 85개   사업단에 가면 지속적으로 창출되고 있음을 볼 수 있다. 기업체의 경쟁력 확보뿐 아니라 대학 내 교육프로그램도    사업을 통해 많은 변화가 일고 있다. 현장형 인재를 육성하기 위한 캡스톤디자인 수업, 현장학습, 창업 지원 프로그램 등에 대규모 참여가 이뤄지고 있다.   사업 첫 해인 2012년 대비 2013년 현장 실습 이수학생이 64.1 증가했고, 학생 창업자 배출, 학생 특허출원 등의 창의적 인재 배출에서도 크고 작은 성과가 꾸준히 나타나고 있다. 이러한    사업의 성과들은 구체적인 수치로도 확인되고 있다. 2013년    사업 참여 대학의 평균 취업률은 64.8로 2013년 전국 대학 취업률 평균 59.3보다 5.5 높게 나타나, 대학과 기업의 거리 좁히기가 청년 취업난 해소에 돌파구가 될 수 있음을 시사하고 있다. 산학협력에 지속적인 투자와 확산 필요 최근 들어 산학협력과 관련해 대표적인 해외 벤치마킹 사례로 거론되고 있는 대학 중 하나가 캐나다에 워터루 대학이다.  빌게이츠 마이크로소프트 창업자가 세계에서 가장 많은 직원을 채용하는 학교라고 해서 화제가 됐던 워터루 대학은,         교육으로 유명하다. 이 학교 학생들은   을 통해 재학 중에 다양한 기업체 경험을 쌓을 수 있다. 160여명의   지원센터 직원들이 세계 각국에 기업체들과 학교와의 가교 역할을 수행하는 이 대학의 학생들은 협약 맺은 기업이 원하는 교육을 이수한 후에 원하는 기업체에 현장실습을 나간다. 학생들은 회사 직원들과 동일한 기준의 급여을 받고, 정부가 인건비의 23를 지원한다.    을 이수한 학생들은 졸업 시에 이미 12년의 경력을 갖고 사회생활을 시작하기 때문에 학교와 기업 간의 간극이 더 이상 존재하지 않는다.  워터루 대학과 같은 산학협력 시스템이 우리에게도 필요하다. 그러나 산업체와 대학 관계자들은 산학협력을 중심으로 한 우리나라 대학들의 의미 있는 변화에도 불구하고 아직 자생적인 성장 여건은 갖추지 못한 것으로 평가하고 있다. 지난해 12월 3일 광주에서 열린 제4차 산학협력선도대학   포럼에서, 산업체 경험을 바탕으로 대학에서 기업들과의 협력을 위해 채용돼 있는 산학협력중점교수들은 ‘현재 산학협력의 단계가 산업계에서 움직일 만큼 매력적이지 않다’고 지적한다. ‘대학이 정부의 산학협력 실적을 위해 일방적으로 기업을 도와주는 반쪽 산학협력이 아직도 많고, 산학협력이 기업에 이익이 된다는 기업들의 인식이 저조해 아직까지도 자발적으로 산학협력에 동참하는 기업이 적다 .’ 는 의견이 다수이다. 이들 산학협력중점교수들의 지적과 같이, 현재 우리나라의 산학협력 수준은 기업들에게 ‘산학협력이 기업에게 이익으로 돌아온다 .’ 라는 인식을 심어주기에는 역부족인 상황이다. 게다가 대학의 체질을 산학협력으로 개선하는 데 있어 탁월한 성과를 보이고 있는    사업이 당초 계획대로 내년까지만 진행된다면 국내 산학협력 수준은 다시 쇠퇴할 것이 자명하다. 산학협력 우수국가들과는 다른 성장 과정을 겪어 온 우리 대학과 기업들이 아직 자발적, 지속적 산학협력 문화를 정착시키지 못하고 있는 것은 어쩌면 당연하다. 그러나 산학협력을 통한 기업 경쟁력 제고와 맞춤형 인재양성을 통한 청년 일자리 문제 해소가 시대적 과제로 대두된 지 수년째다. 다양한 산업 분야에서 더 많은 산학협력 성공사례가 만들어지고 이러한 성과가 확산되기 위해서는, 이구동성으로 ‘대학을 바꾸고 있다’고 평가하는    사업과 같은 산학협력 지원사업에 정부의 지속적인 지원과 관심이 필요하다. 새가 좌우의 날개로 날 듯, 기업과 대학도 함께해야 온전히 날 수 있다.    내 삶을 바꾸는 정치뉴스  300 바로가기 스페셜 걸 포토 손안의 경제뉴스 머니투데이 모바일웹    티타임즈  취업의 모든 것 잡드림   김동홍 기자  저작권자 ⓒ 돈이 보이는 리얼타임 뉴스 머니투데이,"
교육역량강화,2015.01.12.,금오공대 2015년 등록금 동결,"머니투데이 대학경제 김동홍 기자 금오공과대학교총장 김영식는 9일 학생, 교직원, 동문 등으로 구성된 등록금심의위원회를 개최하여 2015년도 학생 등록금을 동결하기로 결정했다.    올해 금오공대 계열별 등록금은 한 학기 기준, 인문사회계열 170만3,000원, 이학계열 177만1,000원 공학계열 189만9,000원으로 전국 국공립대학 가운데 최저 수준이다.   금오공대 김영식 총장은 “우리 대학은 2009년 이래 지속적으로 등록금을 동결 내지 인하하였다.” 며 “재정 수요가 증가하고 있는 현실에서 올해는 인상이 불가피하다고 생각하고 있었으나 정부 정책 방향에 부응하고 학생 및 학부모들의 부담을 최소화 하겠다는 의지로 등록금을 동결하기로 결정했다”고 밝혔다. 또한 “실제 소비자 물가상승률에 대비할 경우 사실상 인하가 되어 대학들의 재정 압박이 가중되고 있지만, 이러한 상황에도 수요자 중심의 교육정책을 실시하는데 최선의 노력을 기울일 것이다.며, “부족한 재정은 국책사업 유치와 소모성 경비 절감 등을 통해 극복할 방침”이라고 밝혔다.    한편, 금오공대는 창조  융합인재양성사업, 국립대학 혁신지원사업 연속 최우수 대학, 4년 연속 교육역량강화사업 최우수 대학, 대학 특성화 사업 3개 사업단 등에 선정되며 국내 유일 특수목적 공과대학으로 거듭 발전하고 있다.    내 삶을 바꾸는 정치뉴스  300 바로가기 스페셜 걸 포토 손안의 경제뉴스 머니투데이 모바일웹    티타임즈  취업의 모든 것 잡드림   김동홍 기자  저작권자 ⓒ 돈이 보이는 리얼타임 뉴스 머니투데이,"
교육역량강화,2015.01.13.,[전국 패트롤] 금오공대 올해 등록금 전국 최저수준으로 동결,"경북 구미시에 소재한 금오공과대학교 등록금심의위원회는 올해 학생 등록금을 동결키로 했다고 13일 발표했다. 이에 따라 금오공대는 지난 2009년부터 매년 등록금을 동결하거나 인하함으로써 한 학기 기준 인문사회계열은 170만원, 이학 177만원, 공학계열이 189만원으로 전국 최저수준을 유지하게 됐다. 이 학교는 창조    융합인재양성사업, 국립대학 혁신지원사업 연속 최우수 대학, 4년 연속 교육역량강화사업 최우수 대학, 대학 특성화 사업 3개 사업단 등에 선정되는 등 국내 유일의 특수목적 공대로 발하고 있다 . 이현종기자  ⓒ 한국미디어네트워크,"
교육역량강화,2015.02.24.,한림성심대 제6대 우형식 총장 취임식,"머니투데이 대학경제 권현수 기자  본문 이미지 영역 한림성심대학교 제6대 우형식 총장 취임식이 오는 25일 오후 2시 관광레저센터에서 열린다.  제5대 금오공과대 총장을 역임한 우형식 총장은 금오공과대에 재임 중에 대학 인지도를 높이고, 취업률 향상과 국책사업에서 높은 성과를 올렸다.  지난 2009년 76위의 대학 대외 평가에서 2012년에는 43위로 끌어올렸으며, 2012학년도에는 취업률 71를 달성해 5년간 연속  전국 4년제 대학 ‘다’그룹에서 취업우수대학으로 선정돼 대구·경북지역에서 1위, 전국국립대학에서 6위를 차지하는 성과를 올렸다.  국책사업부분에서는 학부교육선도대학 사업, 5년 연속 교육역량강화사업 선정, 산학협력선도대학 육성사업, 공학교육혁신대학지원사업, 창업교육패키지 지원사업 등 재임기간 동안 총 1,200억여 원의 국책사업을 수주하는 등 학교 경영 및 운영부분에서 큰 성과를 올렸다.      우형식 총장은 “한림성심대학교가 학령인구 감소, 재정 압박, 대학구조개혁이라는 중대과제에 직면하고 있지만 전임 총장님의 경험을 살리고 대학 구성원들과 충분한 소통을 통해 한림성심대가 더욱 발전할 수 있는 새로운 로드맵을 만들어 추진하겠다”라고 밝혔다.        내 삶을 바꾸는 정치뉴스  300 바로가기 스페셜 걸 포토 손안의 경제뉴스 머니투데이 모바일웹    티타임즈  취업의 모든 것 잡드림   권현수 기자  저작권자 ⓒ 돈이 보이는 리얼타임 뉴스 머니투데이,"
교육역량강화,2015.02.24.,한림성심대 제6대 우형식 총장 25일 취임,"【춘천뉴시스】전형준 기자  한림성심대학교 제6대 우형식 총장 취임식이 오는 25일 오후 2시 교내 관광레저센터에서 열린다.   서울대 사회교육과와 미국 오리건대 대학원을 졸업한 우 총장은 지난 1994년 교육부 인사담당 서기관을 비롯해 교육부 장관비서관, 지방교육자치과장, 총무과장, 교육인적자원부 지방교육지원국 국장, 울산과학기술대 이사, 교육과학기술부 제1차관을 지냈다.   제5대 금오공과대학교 총장을 역임한 우 총장은 재임중 대학 인지도를 높이고 취업률 향상과 국책사업에서 높은 성과를 올렸다.   지난 2009년 76위의 대학 대외 평가에서 2012년에 43위로 끌어올렸다.   특히 2012학년도에는 취업률 71를 달성해 5년간 연속 전국4년제 대학 다 그룹에서 취업우수대학 선정을 이끌었으며 대구경북지역에서 1위, 전국국립대학에서 6위를 차지하는 성과를 올리기도 했다.   국책사업부분에서는 학부교육선도대학 사업, 5년 연속 교육역량강화사업 선정, 산학협력선도대학 육성사업, 공학교육혁신대학지원사업, 창업교육패키지 지원사업 등 재임기간 동안 모두 1200억 원의 국책사업을 수주하는 등 학교 경영 및 운영부분에서 성과를 올렸다.   우 총장은 한림성심대가 학령인구 감소, 재정 압박, 대학구조개혁이라는 중대과제에 직면하고 있지만 전임 총장님의 경험을 살리고 대학 구성원들과 충분한 소통을 통해 한림성심대가 더욱 발전할 수 있는 새로운 로드맵을 만들어 추진하겠다고 밝혔다.    2529 .    뉴시스 뉴스, 이젠 네이버 뉴스 스탠드에서도 만나세요  손 안에서 보는 세상, 모바일 뉴시스 저작권자ⓒ 공감언론 뉴시스통신사. 무단전재재배포 금지."
교육역량강화,2015.09.11.,[국감초점]상위 20개大 정부재정지원 60%독식…10년전보다 심화,"국회 교육문화체육관광위원회 야당 간사를 맡고 있는 김태년 새정치민주연합 의원. ⓒ  1 김태년 의원 지적… 대부분 수도권 주요대·지방거점 국립대…지방대 14→11개로 감소 서울뉴스1 권형진 기자  서울대, 고려대, 성균관대, 연세대 등 상위 20개 대학이 정부 재정지원사업의 60를 독식하는 것으로 나타났다. 10년 전보다 일부 대학 독식 현상이 심화되었다. 정권마다 지방대 육성을 내세웠지만 정부 재정지원을 많이 받은 상위 20개 대학 안에 포함된 지방대 숫자는 10년 전보다 줄었다.  국회 교육문화체육관광위원회 야당 간사를 맡고 있는 김태년 새정치민주연합 의원이 11일 교육부에서 받은 20042014년 재정지원사업 상위 20개 대학에 따르면 일부 대학 쏠림 현상이 10년 전보다 심해졌다.  정부 재정지원에서 상위 20개 대학이 차지하는 비중이 2004년에는 55.0였다. 2014년에는 57.8로 높아졌다. 올해는 60에 육박한다. 2004년은 수도권대학 특성화사업, 지방대학 혁신역량강화  사업, 두뇌한국  21사업, 지방연구중심대학 육성사업이 대상이다. 2014년은   21플러스사업, 학부교육 선도대학 육성사업, 수도권대학 특성화사업, 지방대학 특성화사업을 분석했다.  상위 20개 대학 얼굴도 거의 바뀌지 않았다. 2014년에 정부 재정지원사업에서 지원을 많이 받은 상위 20곳 가운데 13곳은 2004년에도 상위 20위 안에 포함된 대학이다.  이들 13개 대학에는 특징이 있다. 서울대, 고려대, 성균관대, 연세대, 한양대 등 수도권 주요 대학과 경북대, 충북대, 전남대 등 지방 대규모 국립대라는 점이다. 지방 사립대 가운데는 영남대만 유일하게 포함됐다.   정부가 바뀔 때마다 지방대 육성을 내세웠지만 결과는 약간 다르다. 2004년에는 상위 20곳 중 14곳이 지방대학이었지만 2014년에는 11곳으로 줄었다포스텍 제외. 조선대, 제주대, 창원대, 울산대, 대구대, 강원대, 금오공대가 빠지는 대신 부산대, 동명대, 대구가톨릭대가 새로 상위 20위 안에 들었다.  일부 대학 쏠림 현상은 대학원 연구지원사업과 교육지원사업으로 나누어서 살펴봐도 비슷하다.   21, 세계 수준의 연구중심대학   육성사업 등 대학원 연구지원사업에서 재정지원을 가장 많이 받은 20개 대학과 교육역량강화사업 등 교육 중심 재정지원을 많이 받은 20개 대학 가운데 10개 대학이 겹친다.  10개 대학은 성균관대, 한양대 등 수도권 주요 대학과 부산대, 경북대, 전남대 등 지방 대규모 국립대학이 차지하고 있다. 연구지원사업은 수도권 주요 대학이 상위 20개 대학의 15위를 휩쓸었다. 교육중심 재정지원사업에서는 지방 대규모 국립대가 상위권에 랭크됐다.  김태년 의원은 1995년 5·31교육개혁안을 발표하면서 대학의 다양화, 특성화를 유도하기 위해 평가와 재정지원을 연계했지만 오히려 사업 성격과 무관하게 특정대학에 재정지원이 집중되고 있다고 지적했다. 김 의원은 정부지원이 매우 열악한 상황에서 자율과 경쟁 논리에 기반한 정부의 재정지원은 부익부 빈익빈을 넘어 평가에 매몰된 과열경쟁을 유발하여 대학의 자율적 발전을 가로막게 된다며 이 같은 현상은 정원감축을 목표로 진행되는 구조조정에서 집약적으로 나타나고 있다고 비판했다.    뉴스1 100 무료 만화 서비스 오픈 © 뉴스1코리아 1. ,"
교육역량강화,2015.12.07.,"공학 교육 인프라 자랑, 10년째 취업 우수대학에…국립금오공과대학교","캠퍼스 야경. 금오공대 제공 
금오공과대학교는 2016학년도 정시모집에서 일반전형 가군374명과 나군152명으로 나눠 모두 526명을 선발한다.  금오공과대는 2016학년도부터 신입생 전체를 대상으로 기숙대학을 운영한다. 국립대 최초로 선진 명문형 생활 밀착 교육시스템을 도입해 학생이 자율적으로 참여할 수 있는 환경을 구축한다. 기숙대학을 통해 학생들이 자기 주도적 리더십과 인성을 함양할 수 있도록 전공학습, 인재상 영역 학습을 운영하며, 부가적으로 다양한 복지 혜택과 문화생활 프로그램을 제공할 계획이다. 금오공과대는 공학인재 양성을 위한 교육 인프라가 우수한 대학으로 학생들의 창의발명을 장려하는 다양한 노력을 기울이고 있다. 최근 열린 2015 대학창의 발명대회에서는 국무총리상 1팀, 최우수상 3팀, 우수상 2팀, 장려상 5팀, 지도교수상, 발명동아리 단체상 최우수상 등 최다 수상자를 배출했다. 이러한 성과는 금오공대 창업교육센터와 창업진흥센터, 창의교육원 등 다양한 교육활동 지원이 뒷받침된 결과로 볼 수 있다. 금오공과대는 또 취업에 강한 대학이다. 2014년 취업률 기준으로 10년 연속 다그룹졸업생 1천 명 이상2천 명 미만 취업률 우수대학으로 선정되는 성과를 거뒀다. 2014년 취업률은 66.6로 전국 국공립대학교 평균 취업률인 51.6, 전국 4년제 대학교 평균 취업률인 54.8를 훨씬 웃돌고 있다. 또 86.22014년 기준의 최상위 유지취업률을 자랑한다.  이와 함께 다양한 장학금 제도를 운영하고 있다. 정부지원 장학금을 비롯해 교내 장학금, 발전기금 장학금, 교외 장학금 등을 지급하고 있다. 2014년 기준 재학생 1인당 평균 장학금은 250만원으로 등록금 대비 장학금 지급률은 66에 달한다.  금오공과대는 정부 사업을 통한 학생 지원에서도 성과를 내고 있다. 교육역량강화사업, 학부교육선진화선도대학사업잘 가르치는 대학, 지방대학 특성화사업 등 다양한 학생 참여 프로그램을 시행하고 있다.  이외 대구경북 최초의 지식재산 교육 선도사업 선정 산학협력 선도대학   육성사업단 연차평가 3년 연속 최우수 공공부문 인적자원 개발 우수기관 재인증 창업맞춤형사업 주관기관   21 플러스 특화전문 인재양성 사업 선정 국립대학 혁신지원 평가 2년 연속 최우수 선정 등을 통해 강한 대학의 역량을 보여주고 있다. 도움말 지광환 입학관리본부장 구미 이창희 기자   888 .. ⓒ매일신문   .."
산학협력 선도대학 육성,2015.02.13.,"""산학협력 지역거점대학 성장과 LINC사업단간 협력에 앞장""","머니투데이 대학경제 권현수 기자 이희영 영남대학교   사업단장 인터뷰 본문 이미지 영역 이희영 영남대학교 산학협력선도대학  사업단장이 최근 전국  사업협의회장에 선출되면서 오는 3월부터 1년간 전국 56개 링크사업단을 대표해 산학협력 선도모델을 이끌게 됐다. 특히 이 단장은 그동안 대학의   사업단간의 융합형 산학협력을 강조했기 때문에 앞으로   사업단간의 협력사업이 다수 이뤄질 것으로 전망된다.  그는 산학협력 지역거점대학으로 성장과 각 대학   사업단간 협력 모델을 구축, 이 두 마리 토끼를 다 잡겠다고 강조했다. 각   사업단 경쟁보다 협력으로 시너지 효과 영남대   사업단은 최근 대구대   사업단, 동명대   사업단과   를 통해 기술혁신형과 현장밀착형간 협력, 창업교육 역량 교류 등을 공유하고 있다.  지난해 말에는 영남대대구대   사업단이 공동으로 창조경제 생태계 구축과   사업단의 역할이란 주제로 워크숍을 개최해 산학협력 기술이전에 대한 특강과 기술혁신형 및 현장밀착형   사업 우수사례 발표 등을 진행했다. 또한 특성화 분야인 그린에너지 분야에서는 금오공대   사업단과 공동 포럼을 개최해 성과 공유 등 다양한 협력 모델을 구축하기도 했다. 이희영 단장은 일자리 창출과 창업 활성화 등 창조경제 활성화를 위해 각 권역   사업단과 다양한 협력모델을 구축하도록 힘 쓰고 있다며 각   사업은 경쟁보다는 상생과 협력을 통해 시너지 효과를 발휘할 수 있다고 강조했다. 산학협력을 위한 대학의 체질 개선 영남대가 2단계 산학협력 선도대학 육성사업에 선정되면서 1단계   사업을 통해 구축한 우수한 사업성과를 바탕으로 2단계 사업까지 수행한다. 특히 영남대는 지원규모가 상대적으로 크고 전국단위 경쟁을 거쳐 선정되는 기술혁신형   사업 지원대학으로 선정됐으며, 3년 동안 국비 150억원을 지원받는다. 2단계 사업의 역량을 강화하기 위해 영남대   사업단은 대학의 체질을 지역의 특성에 맞춰 산학협력 친화형으로 전환했다. 공과대 6개 학부과와 이과대 3개 학과, 5개 단과대학의 14개 학부과는 570여개 가족기업과 함께 그린에너지 융·복합 분야 등 다양한 산학협력 사업을 추진했다. 공대를 중심으로 인문사회와 예체능까지 참여하는 융복합 형태의 산학협력에 나선 것이다.   이희영 단장은 영남대가 위치한 지역의 특성을 최대한 살려 대학의 체질을 변화시키고 있다며 또한 지역과 상생하는 대학을 위해 산학협력 중점교수를 늘리고 창업교육센터와 현장실습지원센터, 기업지원센터를 운영하고 있다고 말했다.  그는 또 기업연계형 융·복합 캡스톤디자인 프로젝트의 실시하고 있으며, 지역 산업체 재직사원의 기술혁신 역량강화를 위한 대학원 협동과정 그린에너지융합공학과 신설 등 산업체의 수요를 적극 반영한 산학협력 교육과정의 개편도 단행했다고 설명했다. 아울러 링크사업에 참여하고 있는 500여개 가족기업과는 그린 분야 5개 전문연구회를 가동하고 있다며 이와 함께 중진공 으뜸기업협의체, 중소기업융합중앙회 지역연합회와도   를 맺어 실질적인 산학협력에 나서고 있다고 밝혔다. 본문 이미지 영역 2단계 산학협력 선도대학의 지향점  영남대   사업단은 산학협력 지역거점대학으로 성장과 지속가능한 산학협력의 생태계 마련을 2단계 사업 목표로 잡았다.  이를 위해 이 단장은 청년 창업을 체계적이고 단계적으로 지원해 창업교육센터 사업을 강화하고, 현장실습지원센터를 통한 지역 산업체에 인재를 공급해 취업률을 높이겠다며 또한 그동안 축적한 링크사업의 성과를 개발도상국과 같은 산학협력이 취약한 국가로 전파하는 글로벌 산학협력사업을 추진할 계획이다고 말했다. 그는 이어 1단계 사업을 통해 구축한 인프라를 바탕으로 2단계 사업에서는 기술혁신형 산학협력에 맞는 고부가가치의 성과들을 창출할 것이라며 특히 에너지 융·복합 분야의 창의적 인재를 양성해 지역산업을 선도하고 지역경제 활성화에 기여하는 지역거점 대학의 역할을 다할 것이라고 강조했다.    내 삶을 바꾸는 정치뉴스  300 바로가기 스페셜 걸 포토 손안의 경제뉴스 머니투데이 모바일웹    티타임즈  취업의 모든 것 잡드림   권현수 기자  저작권자 ⓒ 돈이 보이는 리얼타임 뉴스 머니투데이,"
산학협력 선도대학 육성,2015.02.14.,"산학협력, 대한민국 지역경제의 가능성을 비추다","머니투데이 대학경제 김동홍 기자 산학협력 활성화를 위한 교육부의 대표 브랜드 사업인 산학협력 선도대학 육성사업  이 올해 4년째로, 2016년 종료를 앞두고 있다.    사업은 ‘지역대학과 지역산업의 공생발전’을 비전으로, 전국 각 권역별 산학협력 선도대학을 선발·육성하고, 지역 산업체들과 연계하여 ‘인력양성 및 기술개발·이전 → 고용 및 기술혁신 → 지역발전’의 선순환 구조 정착을 목적으로 추진되고 있다. 지방에 위치한 소규모 국립대학으로서 사업 첫 해부터 우수한 성과를 보이고 있는 금오공대의 채석 사업단장은 “정부의 재정지원 사업을 여러 건 해봤지만, 대학의 체질을 산학협력으로 개선하지 않으면 성과를 낼 수 없도록 기획된   만한 사업이 없었던 것 같다”며, “산학협력을 중심으로 대학의 변화를 추동하는데 시발점이 된 것이   였다”고, 소회를 밝혔다.  지난 3년간    사업을 통해 대학과 기업들은 산학협력의 다양한 성과를 보여주고 있다.   동국대    사업단과   콘텐츠 전문기업 아바엔터테인먼트는 미국의 유명 방송미디어 콘텐츠사인    그룹과 10만달러 상당의    콘텐츠 수출 계약을 맺었으며, 대전대    사업단에서    기술을 지원받은 ㈜  글로벌은 한방화장품   아이스프릿을 론칭해 중국 수출 계약에 성공하는 등 산학협력을 통해 성장 동력을 확보한 기업의 성공사례가 전국 85개   사업단에 가면 지속적으로 창출되고 있음을 볼 수 있다. 기업체의 경쟁력 확보뿐 아니라 대학 내 교육프로그램도    사업을 통해 많은 변화가 일고 있다. 현장형 인재를 육성하기 위한 캡스톤디자인 수업, 현장학습, 창업 지원 프로그램 등에 대규모 참여가 이뤄지고 있다.   사업 첫 해인 2012년 대비 2013년 현장 실습 이수학생이 64.1 증가했고, 학생 창업자 배출, 학생 특허출원 등의 창의적 인재 배출에서도 크고 작은 성과가 꾸준히 나타나고 있다. 이러한    사업의 성과들은 구체적인 수치로도 확인되고 있다. 2013년    사업 참여 대학의 평균 취업률은 64.8로 2013년 전국 대학 취업률 평균 59.3보다 5.5 높게 나타나, 대학과 기업의 거리 좁히기가 청년 취업난 해소에 돌파구가 될 수 있음을 시사하고 있다. 산학협력에 지속적인 투자와 확산 필요 최근 들어 산학협력과 관련해 대표적인 해외 벤치마킹 사례로 거론되고 있는 대학 중 하나가 캐나다에 워터루 대학이다.  빌게이츠 마이크로소프트 창업자가 세계에서 가장 많은 직원을 채용하는 학교라고 해서 화제가 됐던 워터루 대학은,         교육으로 유명하다. 이 학교 학생들은   을 통해 재학 중에 다양한 기업체 경험을 쌓을 수 있다. 160여명의   지원센터 직원들이 세계 각국에 기업체들과 학교와의 가교 역할을 수행하는 이 대학의 학생들은 협약 맺은 기업이 원하는 교육을 이수한 후에 원하는 기업체에 현장실습을 나간다. 학생들은 회사 직원들과 동일한 기준의 급여을 받고, 정부가 인건비의 23를 지원한다.    을 이수한 학생들은 졸업 시에 이미 12년의 경력을 갖고 사회생활을 시작하기 때문에 학교와 기업 간의 간극이 더 이상 존재하지 않는다.  워터루 대학과 같은 산학협력 시스템이 우리에게도 필요하다. 그러나 산업체와 대학 관계자들은 산학협력을 중심으로 한 우리나라 대학들의 의미 있는 변화에도 불구하고 아직 자생적인 성장 여건은 갖추지 못한 것으로 평가하고 있다. 지난해 12월 3일 광주에서 열린 제4차 산학협력선도대학   포럼에서, 산업체 경험을 바탕으로 대학에서 기업들과의 협력을 위해 채용돼 있는 산학협력중점교수들은 ‘현재 산학협력의 단계가 산업계에서 움직일 만큼 매력적이지 않다’고 지적한다. ‘대학이 정부의 산학협력 실적을 위해 일방적으로 기업을 도와주는 반쪽 산학협력이 아직도 많고, 산학협력이 기업에 이익이 된다는 기업들의 인식이 저조해 아직까지도 자발적으로 산학협력에 동참하는 기업이 적다 .’ 는 의견이 다수이다. 이들 산학협력중점교수들의 지적과 같이, 현재 우리나라의 산학협력 수준은 기업들에게 ‘산학협력이 기업에게 이익으로 돌아온다 .’ 라는 인식을 심어주기에는 역부족인 상황이다. 게다가 대학의 체질을 산학협력으로 개선하는 데 있어 탁월한 성과를 보이고 있는    사업이 당초 계획대로 내년까지만 진행된다면 국내 산학협력 수준은 다시 쇠퇴할 것이 자명하다. 산학협력 우수국가들과는 다른 성장 과정을 겪어 온 우리 대학과 기업들이 아직 자발적, 지속적 산학협력 문화를 정착시키지 못하고 있는 것은 어쩌면 당연하다. 그러나 산학협력을 통한 기업 경쟁력 제고와 맞춤형 인재양성을 통한 청년 일자리 문제 해소가 시대적 과제로 대두된 지 수년째다. 다양한 산업 분야에서 더 많은 산학협력 성공사례가 만들어지고 이러한 성과가 확산되기 위해서는, 이구동성으로 ‘대학을 바꾸고 있다’고 평가하는    사업과 같은 산학협력 지원사업에 정부의 지속적인 지원과 관심이 필요하다. 새가 좌우의 날개로 날 듯, 기업과 대학도 함께해야 온전히 날 수 있다.    내 삶을 바꾸는 정치뉴스  300 바로가기 스페셜 걸 포토 손안의 경제뉴스 머니투데이 모바일웹    티타임즈  취업의 모든 것 잡드림   김동홍 기자  저작권자 ⓒ 돈이 보이는 리얼타임 뉴스 머니투데이,"
지방대학 특성화,2015.09.11.,[국감초점]상위 20개大 정부재정지원 60%독식…10년전보다 심화,"국회 교육문화체육관광위원회 야당 간사를 맡고 있는 김태년 새정치민주연합 의원. ⓒ  1 김태년 의원 지적… 대부분 수도권 주요대·지방거점 국립대…지방대 14→11개로 감소 서울뉴스1 권형진 기자  서울대, 고려대, 성균관대, 연세대 등 상위 20개 대학이 정부 재정지원사업의 60를 독식하는 것으로 나타났다. 10년 전보다 일부 대학 독식 현상이 심화되었다. 정권마다 지방대 육성을 내세웠지만 정부 재정지원을 많이 받은 상위 20개 대학 안에 포함된 지방대 숫자는 10년 전보다 줄었다.  국회 교육문화체육관광위원회 야당 간사를 맡고 있는 김태년 새정치민주연합 의원이 11일 교육부에서 받은 20042014년 재정지원사업 상위 20개 대학에 따르면 일부 대학 쏠림 현상이 10년 전보다 심해졌다.  정부 재정지원에서 상위 20개 대학이 차지하는 비중이 2004년에는 55.0였다. 2014년에는 57.8로 높아졌다. 올해는 60에 육박한다. 2004년은 수도권대학 특성화사업, 지방대학 혁신역량강화  사업, 두뇌한국  21사업, 지방연구중심대학 육성사업이 대상이다. 2014년은   21플러스사업, 학부교육 선도대학 육성사업, 수도권대학 특성화사업, 지방대학 특성화사업을 분석했다.  상위 20개 대학 얼굴도 거의 바뀌지 않았다. 2014년에 정부 재정지원사업에서 지원을 많이 받은 상위 20곳 가운데 13곳은 2004년에도 상위 20위 안에 포함된 대학이다.  이들 13개 대학에는 특징이 있다. 서울대, 고려대, 성균관대, 연세대, 한양대 등 수도권 주요 대학과 경북대, 충북대, 전남대 등 지방 대규모 국립대라는 점이다. 지방 사립대 가운데는 영남대만 유일하게 포함됐다.   정부가 바뀔 때마다 지방대 육성을 내세웠지만 결과는 약간 다르다. 2004년에는 상위 20곳 중 14곳이 지방대학이었지만 2014년에는 11곳으로 줄었다포스텍 제외. 조선대, 제주대, 창원대, 울산대, 대구대, 강원대, 금오공대가 빠지는 대신 부산대, 동명대, 대구가톨릭대가 새로 상위 20위 안에 들었다.  일부 대학 쏠림 현상은 대학원 연구지원사업과 교육지원사업으로 나누어서 살펴봐도 비슷하다.   21, 세계 수준의 연구중심대학   육성사업 등 대학원 연구지원사업에서 재정지원을 가장 많이 받은 20개 대학과 교육역량강화사업 등 교육 중심 재정지원을 많이 받은 20개 대학 가운데 10개 대학이 겹친다.  10개 대학은 성균관대, 한양대 등 수도권 주요 대학과 부산대, 경북대, 전남대 등 지방 대규모 국립대학이 차지하고 있다. 연구지원사업은 수도권 주요 대학이 상위 20개 대학의 15위를 휩쓸었다. 교육중심 재정지원사업에서는 지방 대규모 국립대가 상위권에 랭크됐다.  김태년 의원은 1995년 5·31교육개혁안을 발표하면서 대학의 다양화, 특성화를 유도하기 위해 평가와 재정지원을 연계했지만 오히려 사업 성격과 무관하게 특정대학에 재정지원이 집중되고 있다고 지적했다. 김 의원은 정부지원이 매우 열악한 상황에서 자율과 경쟁 논리에 기반한 정부의 재정지원은 부익부 빈익빈을 넘어 평가에 매몰된 과열경쟁을 유발하여 대학의 자율적 발전을 가로막게 된다며 이 같은 현상은 정원감축을 목표로 진행되는 구조조정에서 집약적으로 나타나고 있다고 비판했다.    뉴스1 100 무료 만화 서비스 오픈 © 뉴스1코리아 1. ,"
지방대학 특성화,2015.12.07.,"공학 교육 인프라 자랑, 10년째 취업 우수대학에…국립금오공과대학교","캠퍼스 야경. 금오공대 제공 
금오공과대학교는 2016학년도 정시모집에서 일반전형 가군374명과 나군152명으로 나눠 모두 526명을 선발한다.  금오공과대는 2016학년도부터 신입생 전체를 대상으로 기숙대학을 운영한다. 국립대 최초로 선진 명문형 생활 밀착 교육시스템을 도입해 학생이 자율적으로 참여할 수 있는 환경을 구축한다. 기숙대학을 통해 학생들이 자기 주도적 리더십과 인성을 함양할 수 있도록 전공학습, 인재상 영역 학습을 운영하며, 부가적으로 다양한 복지 혜택과 문화생활 프로그램을 제공할 계획이다. 금오공과대는 공학인재 양성을 위한 교육 인프라가 우수한 대학으로 학생들의 창의발명을 장려하는 다양한 노력을 기울이고 있다. 최근 열린 2015 대학창의 발명대회에서는 국무총리상 1팀, 최우수상 3팀, 우수상 2팀, 장려상 5팀, 지도교수상, 발명동아리 단체상 최우수상 등 최다 수상자를 배출했다. 이러한 성과는 금오공대 창업교육센터와 창업진흥센터, 창의교육원 등 다양한 교육활동 지원이 뒷받침된 결과로 볼 수 있다. 금오공과대는 또 취업에 강한 대학이다. 2014년 취업률 기준으로 10년 연속 다그룹졸업생 1천 명 이상2천 명 미만 취업률 우수대학으로 선정되는 성과를 거뒀다. 2014년 취업률은 66.6로 전국 국공립대학교 평균 취업률인 51.6, 전국 4년제 대학교 평균 취업률인 54.8를 훨씬 웃돌고 있다. 또 86.22014년 기준의 최상위 유지취업률을 자랑한다.  이와 함께 다양한 장학금 제도를 운영하고 있다. 정부지원 장학금을 비롯해 교내 장학금, 발전기금 장학금, 교외 장학금 등을 지급하고 있다. 2014년 기준 재학생 1인당 평균 장학금은 250만원으로 등록금 대비 장학금 지급률은 66에 달한다.  금오공과대는 정부 사업을 통한 학생 지원에서도 성과를 내고 있다. 교육역량강화사업, 학부교육선진화선도대학사업잘 가르치는 대학, 지방대학 특성화사업 등 다양한 학생 참여 프로그램을 시행하고 있다.  이외 대구경북 최초의 지식재산 교육 선도사업 선정 산학협력 선도대학   육성사업단 연차평가 3년 연속 최우수 공공부문 인적자원 개발 우수기관 재인증 창업맞춤형사업 주관기관   21 플러스 특화전문 인재양성 사업 선정 국립대학 혁신지원 평가 2년 연속 최우수 선정 등을 통해 강한 대학의 역량을 보여주고 있다. 도움말 지광환 입학관리본부장 구미 이창희 기자   888 .. ⓒ매일신문   .."
교육,2015.01.30.,1월 31일 인사,"한겨레 　 ⊙ 헌법재판소 승진 임용 헌법연구관 승이도 정치언 신규 임용 헌법연구관보 이은선 유경민 ⊙ 금융위원회 전보 구조개선지원과장 전요섭 전자금융〃 김동환  ⊙ 법무부 전보 고위공무원 인천구치소장 최강주 국방대 파견 김명철　 ⊙ 해양수산부 국장급  국방대 교육 파견 최완현 ⊙ 보건복지부 국방대 안보과정 훈련 파견 전병왕 손호준　 ⊙ 식품의약품안전처 기획조정관 유무영 국장 농축수산물안전 손문기 의약품안전 김관성 의료기기안전 강봉한 서울지방식품의약품안전청장 조기원 국방대 교육 파견 김영균 중앙공무원교육원 교육 파견 한순영　 ⊙ 산림청 고위공무원 국장 산림자원 이창재  산림이용 박종호 산림보호 이규태 북부지방산림청장 김현수 아시아산림협력기구   사무차장 최준석 중앙공무원교육원 파견 최병암 ⊙ 문화재청 전보 과장급 기획조정관실 법무감사담당관 권석주 〃 정보화담당관실 강흔모 과장 운영지원 이정훈 문화재정책국 정책총괄 김병기 문화재활용국 국제협력 김연수 한국전통문화대 총무 박희웅 〃 교학처 교무 김동하 〃 전통문화교육원 교육기획 도중필 국립문화재연구소 행정운영 이상걸 국립무형유산원 전승지원 고기석 경복궁관리소장 전기선  ⊙ 한국과학기술기획평가원 창조경제혁신센터장 한성구 규제개혁〃 이흥권 정책기획실장 오현환 성장동력사업〃 손석호 전략연구팀장 진영현  ⊙ 기초과학연구원 대외협력실장 심시보 팀장 감사부 감사 박의서 연구지원본부 안전시설장비 김상주 정책기획본부 전략정책 허대녕 〃 경영기획 김경훈 〃 예산운영 김상래 경영지원본부 총무복지 손덕 〃 구매자산 한석훈 〃 전산지원 윤영완 ⊙ 전력거래소 승진 1직급처장 전력계획처 장기수급분석팀장 김홍근 시장개발처 시장개발팀장 문경섭 2직급부장 중앙전력관제센터 수급운영팀 김태선 시장개발처 시장개발팀 박만근 정보기술처 차세대시스템팀 심병철 전력계획처 전원계획팀 옥기열 3직급차장 전력계획처 장기수급분석팀 김광진 중앙전력관제센터 중앙관제부 김기식 〃 관제훈련팀 조재왕 시장운영처 시장정산팀 김양일 정보기술처 계통시스템팀 류수원 위성한 수요예측실 박해수 성과협력실 신재호  ⊙ 한국감정원 상임감사위원 김한수 ⊙ 한국방송   편성본부 영상제작국 총감독 장용석 부장 시청자본부 시청자국 시청자사업 조성용 정책기획본부 정책기획국 미디어정책 정철웅 〃 방송문화연구소 공영성연구 이건협 보도본부 보도국 경인방송센터장 이동채      본부 교양문화국 이낙선 〃 기획제작국 임세형 편성본부 콘텐츠창의센터 장성주 ⊙ 숭실대 교무위원 학사부총장 장범식 자원〃 김재철 대학원장 윤철홍 교목실장 조은식 대외협력〃 이태식 기획조정〃 류희욱 처장 교무 정달영 학생 장경남 총무 김비호 관리 이철우 지식정보 이수원 연구·산학협력 신요안 국제 강기두 입학 이상은 학장 법대 최정식 경제통상대 이윤재 경영대 전규안   대 서철헌 베어드학부대 이제우 특수대학원장 중소기업 윤현덕 정보과학 양승민 교육 이경화 경영 안승호 기관장 전략사업추진단장 이원철 교육개발센터장 박삼열 연구·산학협력처 부처장 직무대리 한철희 글로벌교육센터장 전홍식 입학사정센터장 문용 한국기독교박물관장 권영국 〃 부관장 최은주 신문·방송국주간 박웅기 생활관장 장창훈 봉사센터장 우윤석 사이버교육사업단장 정무성 숭실평화통일연구원장 김성배  〃 부원장 이정철  평생교육원장 한재필 아동청소년교육센터장 이경화 생활체육지도자연수원장 심성섭 숭실통일리더십연수원 원장 조성기 〃 부원장 이민근 산학협력  지원센터장 김병기 팀장 전보 국제처 글로벌교육센터 글로벌교육 김도연 지식정보처 출판 김용택 학생처 학생서비스 겸 학생처 상담센터 상담 겸 학생처 상담센터 양성평등 류진호 기획조정실 기획·평가 양귀섭 지식정보처 중앙도서관 학술정보운영 이정걸 연구산학협력처 산학협력 및 산학협력단 파견 겸 연구산학협력처 창업교육센터 창업교육지원 이형민 공학교육혁신센터 공학교육혁신 최현관 국제처 국제협력 홍종현 대외협력실 비서 김문권 경력개발센터 경력개발 김미숙 기획조정실 예산 김범식 〃 전략사업추진단 전략사업추진 한남희 관리처 캠퍼스시설 겸 관리처 안전관리 신준하　  ⊙ 영남대 교학부총장 박정학 법무감사실장 최성근 처장 총무 임병덕 시설관리 김철규 대외협력 전정기 센터장 교육개발 겸직 학생상담 유국열 중앙기기 석줄기 여대생커리어개발 겸직 양성평등 이선화 건축학부장 구본덕 학장 음악대 이현 기초교육대 이재운 경영대 박종무 대학원장 대학원장 겸직 특수 김석규 경영 안승철 공학 정현열 디자인미술대학장 겸직 문화예술디자인 임경호 도서관장 김경란 신문방송사 주간 겸직 출판부장 김영수 소장 건강관리센터 원규장 민족문화연구 이수환 법학연구 배성호 조형연구 임남수 고시원장 문상혁  ⊙ 계명대 동산도서관장 조현정 신문방송국장 장옥관 명교생활관장 정승학 계명원격평생교육원장 이영 생활체육지도자연수〃 김기진　　 ⊙ 금오공대 대학원장 김경훈 컨설팅대학원장 김태성 처장 교무 이재원 학생 방대석 기획협력 이승희 학부장 전자공학 고지환 산업공학 김경모 에너지융합소재공학 권오형 도서관장 임재권 정보전산원장 정해 신문방송사주간 이승희 센터소장 상담지도 방대석 중소기업산학협력 최성대 구미산업기술정보 임재권 단장 산학협력 곽호상   21플러스공학디자인특화산업 김상호 산학융합사업 곽호상 ⊙ 대구대 감사팀장 및 대구사이버대 사무처장 이기동 취업역량개발센터 취업교육팀장 권건우 장애학생지원센터 소장 김봉준 대구캠퍼스관리센터 〃 권오현 행정실장 인문대 조기호 법과대 이선우 정보통신대학 은용한 샘명환경대학 김상오 대학원 종합 정진호 언론출판문화원 이수찬 평생교육원 이옥례  ⊙ 신용보증기금 승진 영업본부장 부산경남 홍성호 호남 윤헌기 부서장 경영관리부 심현구 업무지원부 송동석 보증심사부 류재현 비서실 차재성 영업점장 송파 황석병 부산 김동완 창원 조일환 사상 장왕순 부산중앙 박운규 구미 신준식 광산 서정규 동대문재기지원단 김완식 부산재기지원단 김영우 대구재기지원단 김대복 광주재기지원단 윤영선 대전재기지원단 박문규 전보 영업본부장 특화사업 박국근 서울서부 노용훈 인천 한동안 대구경북 성의경 충청 박학양 부서장 신용보험부 한기정 연구개발부 박용평   전략부 전명호   보증부 한영찬 기업지원부 오재택 감사실 신황운 홍보실 이태용 영업점장 마포지점 김진원 영등포 남상종 광화문 현창익 가산디지털 곽성철강서 박찬기 고양 유인근 삼성 이봉렬 안양 최익경 반월 조시영 안산 김중열 부천 최창석 인천서 조종남 대구 이동열 천안 김형중 대전중앙 전용재 제주 이성주 의정부 신영목 김포 이희열 춘천 송을호 강릉 유정렬 강동 김도영 원주 이정균 방배 이재경 속초 허진행 동해 이주승 수원 경성배 평택 성권모 오산 송종태 용인 지종환 경기광주 이형태 화성서 송태섭 인천 김귀현 남동 경주호 시화 최명백 송도국제 권창순 진주 변성대 울산 박상규 마산 엄주원 녹산 박용효 울산북 염정인 김해북 류충원 포항 박호식 대구혁신 우창훈 대구북 변희정 영주 정만섭 경산 이상근 안동 전용찬 칠곡 김일원 달성 장동환 목포 최강대 익산 김태정 순천 문윤택 광주첨단 윤도하 정읍 정도영 대전 배창수 충주 이도영 서산 한기욱 대덕 이판기 아산 윤담 제천 조남기 청주서 어순만 당진 라상화 마포재기지원단 이병호 인천〃 손성욱 영등포〃 고석우 고양〃 김기현 강남〃 이규호 수원〃 정철화 경남〃 이태용 감사반장 오건수 김창현 박성근 동부신용보험센터 이병복 자본시장센터 김충배  ⊙   모티브 승진 이사 김진영 김택성 김철호 이사대우 곽명진    공식     페이스북   트위터    인기화보   인기만화   핫이슈 
   ⓒ 한겨레신문사, 

한겨레는 한국온라인신문협회 ... 의 디지털뉴스이용규칙에 따른 저작권을 행사합니다."
교육,2015.01.30.,[인사] 법무부 고위공무원 ▦인천구치소장 최강주 外,"법무부 고위공무원 ▦인천구치소장 최강주 ▦국방대 파견 김명철  보건복지부 ▦국방대 안보과정 훈련 파견 전병왕 손호준  해양수산부 국장급 교육파견 ▦국방대 최완현  헌법재판소 ▦헌법연구관 승이도 정치언 ▦헌법연구관보 이은선 유경민  식품의약품안전처 ▦기획조정관 유무영 ▦서울지방식품의약품안전청장 조기원 교육 파견 ▦국방대 김영균 ▦중앙공무원교육원 한순영 국장 ▦농축수산물안전 손문기 ▦의약품안전 김관성 ▦의료기기안전 강봉한   관세청 과장급 관세청 ▦운영지원과장 양승권 ▦법인심사과장 변동욱 ▦개발1팀장 오상훈 ▦외환조사과장 김태영 ▦기획심사팀장 김현정 ▦조달청파견예정 이석문 ▦주재관전출예정 최재관 인천공항세관 ▦휴대품통관국장 김영균 ▦조사감시국장 오병현 ▦인천세관 감시국장 김기재 ▦관세평가분류원장 최양식 ▦금융정보분석원 파견 양승혁   문화재청 과장급 ▦경복궁관리소장 전기선 기획조정관실 ▦법무감사담당관 권석주 ▦정보화담당관실 강흔모 과장 ▦운영지원 이정훈 ▦문화재정책국 정책총괄 김병기 ▦문화재활용국 국제협력 김연수 ▦한국전통문화대 총무 박희웅 ▦한국전통문화대 교학처 교무 김동하 ▦전통문화교육원 교육기획 도중필 ▦국립문화재연구소 행정운영 이상걸 ▦국립무형유산원 전승지원 고기석  산림청 고위공무원 ▦북부지방산림청장 김현수 ▦아시아산림협력기구   사무차장 최준석 ▦중앙공무원교육원 파견 최병암 국장 ▦산림자원 이창재 ▦산림이용 박종호 ▦산림보호 이규태   금융위원회 과장급 과장 ▦구조개선지원 전요섭 ▦전자금융 김동환  한국감정원 ▦상임감사위원 김한수  한국과학기술기획평가원 ▦전략연구팀장 진영현 센터장 ▦창조경제혁신 한성구 ▦규제개혁 이흥권 실장 ▦정책기획 오현환 ▦성장동력사업 손석호   기초과학연구원   ▦대외협력실장 심시보 팀장 ▦감사부 감사 박의서 ▦연구지원본부 안전시설장비 김상주 정책기획본부 ▦전략정책 허대녕 ▦경영기획 김경훈 ▦예산운영 김상래 경영지원본부 ▦총무복지 손 덕 ▦구매자산 한석훈 ▦전산지원 윤영완  전력거래소 직급 팀장 ▦전력계획처 장기수급분석 김홍근 ▦시장개발처 시장개발 문경섭 직급 ▦중앙전력관제센터 수급운영팀 김태선 ▦시장개발처 시장개발팀 박만근 ▦정보기술처 차세대시스템팀 심병철 ▦전력계획처 전원계획팀 옥기열 직급 ▦전력계획처 장기수급분석팀 김광진 ▦중앙전력관제센터 중앙관제부 김기식 ▦시장운영처 시장정산팀 김양일 ▦정보기술처 계통시스템팀 류수원 ▦수요예측실 박해수 ▦성과협력실 신재호 ▦정보기술처 계통시스템팀 위성한 ▦중앙전력관제센터 관제훈련팀 조재왕  신용보증기금 영업본부장 ▦부산경남 홍성호 ▦호남 윤헌기 ▦특화사업 박국근 ▦서울서부 노용훈 ▦인천 한동안 ▦대구경북 성의경 ▦충청 박학양 부서장 ▦경영관리부 심현구 ▦업무지원부 송동석 ▦보증심사부 류재현 ▦비서실 차재성 ▦신용보험부 한기정 ▦연구개발부 박용평 ▦  전략부 전명호 ▦  보증부 한영찬 ▦기업지원부 오재택 ▦감사실  신황운 ▦홍보실 이태용 영업점장 ▦감사반장 오건수 김창현 박성근 ▦송파 황석병 ▦부산 김동완 ▦창원 조일환 ▦사상 장왕순 ▦부산중앙 박운규 ▦구미 신준식 ▦광산 서정규 ▦마포 김진원 ▦영등포 남상종 ▦광화문 현창익 ▦가산디지털 곽성철 ▦강서 박찬기 ▦고양 유인근 ▦삼성 이봉렬 ▦안양 최익경 ▦반월 조시영 ▦안산 김중열 ▦부천 최창석 ▦인천서 조종남 ▦대구 이동열 ▦천안 김형중 ▦대전중앙 전용재 ▦제주 이성주 ▦의정부 신영목 ▦김포 이희열 ▦춘천 송을호 ▦강릉 유정렬 ▦강동 김도영 ▦원주 이정균 ▦방배 이재경 ▦속초 허진행 ▦동해 이주승 ▦수원 경성배 ▦평택 성권모 ▦오산 송종태 ▦용인 지종환 ▦경기광주 이형태 ▦화성서 송태섭 ▦인천 김귀현 ▦남동 경주호 ▦시화 최명백 ▦송도국제 권창순 ▦진주 변성대 ▦울산 박상규 ▦마산 엄주원 ▦녹산 박용효 ▦울산북 염정인 ▦김해북 류충원 ▦포항 박호식 ▦대구혁신 우창훈 ▦대구북 변희정 ▦영주 정만섭 ▦경산 이상근 ▦안동 전용찬 ▦칠곡 김일원 ▦달성 장동환 ▦목포 최강대 ▦익산 김태정 ▦순천 문윤택 ▦광주첨단 윤도하 ▦정읍 정도영 ▦대전 배창수 ▦충주 이도영 ▦서산 한기욱 ▦대덕 이판기 ▦아산 윤 담 ▦제천 조남기 ▦청주서 어순만 ▦당진  라상화 ▦동부신용보험센터 이병복 ▦자본시장센터 김충배 재기지원단 ▦동대문 김완식 ▦부산 김영우 ▦대구 김대복 ▦광주 윤영선 ▦대전 박문규 ▦마포 이병호 ▦인천 손성욱 ▦영등포 고석우 ▦고양 김기현 ▦강남 이규호 ▦수원 정철화 ▦경남 이태용  한국시설안전공단 경영본부 팀장 ▦홍보 공만식 ▦성과평가 민영선     ▦시청자본부 시청자국 시청자사업부장 조성용 ▦보도본부 보도국 경인방송센터장 이동채 편성본부 ▦영상제작국 총감독 장용석 ▦콘텐츠창의센터    장성주 본부    ▦교양문화국 이낙선 ▦기획제작국 임세형 정책기획본부 ▦미디어정책부장 정철웅 ▦방송문화연구소 공영성연구부장 이건협     부산불교방송 ▦사장 수불스님금정총림 범어사 주지    모티브 ▦이사 김진영 김택성 김철호 ▦이사대우 곽명진  숭실대 교무위원 ▦학사부총장 장범식 ▦자원부총장 김재철 ▦대학원장 윤철홍 ▦교목실장 조은식 ▦대외협력실장 이태식 ▦기획조정실장 류희욱 ▦교무처장 정달영 ▦학생처장 장경남 ▦총무처장 김비호 ▦관리처장 이철우 ▦지식정보처장 이수원 ▦연구·산학협력처장 신요안 ▦국제처장 강기두 ▦입학처장 이상은 ▦법과대학장 최정식 ▦경제통상대학장 이윤재 ▦경영대학장 전규안 ▦  대학장 서철헌 ▦베어드학부대학장 이제우 특수대학원장 ▦중소기업대학원장 윤현덕 ▦정보과학대학원장 양승민 ▦교육대학원장 이경화 ▦경영대학원장 안승호 기관장 ▦전략사업추진단장 이원철 ▦교육개발센터장 박삼열 ▦연구·산학협력처 부처장 직대 한철희 ▦글로벌교육센터장 전홍식 ▦입학사정센터장 문 용 ▦한국기독교박물관장 권영국 ▦한국기독교박물관 부관장 최은주 ▦신문·방송국주간 박웅기 ▦생활관장 장창훈 ▦봉사센터장 우윤석 ▦사이버교육사업단장 정무성 ▦숭실평화통일연구원장 김성배 ▦숭실평화통일연구원 부원장 이정철 ▦평생교육원장 한재필 ▦아동청소년교육센터장 이경화 ▦생활체육지도자연수원장 심성섭 ▦숭실통일리더십연수원장 조성기 ▦숭실통일리더십연수원 부원장 이민근 ▦산학협력  지원센터장 김병기 ▦국제처 글로벌교육센터 글로벌교육팀장 김도연 ▦지식정보처 출판팀장 김용택 ▦학생처 학생서비스팀장 겸 상담센터 상담팀장 겸 양성평등팀장 류진호 ▦기획조정실 기획·평가팀장 양귀섭 ▦지식정보처 중앙도서관 학술정보운영팀장 이정걸 ▦연구산학협력처 산학협력팀장 및 산학협력단 파견 겸 창업교육센터 창업교육지원팀장 이형민 ▦공학교육혁신센터 공학교육혁신팀장 최현관 ▦국제처 국제협력팀장 홍종현 ▦대외협력실 비서팀장 김문권 ▦경력개발센터 경력개발팀장 김미숙 ▦기획조정실 예산팀장 김범식 ▦기획조정실 전략사업추진단 전략사업추진팀장 한남희 ▦관리처 캠퍼스시설팀장 겸 안전관리팀장 신준하  대구대 ▦장애학생지원센터 소장 김봉준 ▦감사팀장 및 대구사이버대 사무처장 이기동 ▦취업역량개발센터 취업교육팀장 권건우 ▦대구캠퍼스관리센터 소장 권오현 ▦인문대 행정실장 조기호 ▦법과대 행정실장 이선우 ▦정보통신대학 행정실장 은용한 ▦생명환경대학 행정실장 김상오 ▦대학원 종합행정실장 정진호 ▦중앙도서관 부관장 이상목 ▦언론출판문화원 행정실장 이수찬 ▦평생교육원 행정실장 이옥례 ▦비호생활관 부관장 이양우  영남대 ▦교학부총장 박정학 ▦법무감사실장 최성근 ▦총무처장 임병덕 ▦시설관리처장 김철규 ▦대외협력처장 전정기 ▦국제개발협력원 국제교육연수단 부단장 장재봉 ▦교육개발센터장 겸 학생상담센터장 유국열 ▦산학연구처 부처장 김승철 ▦중앙기기센터장 석줄기 ▦여대생커리어개발센터장 겸 양성평등센터장 이선화 ▦디자인미술대학장 겸 문화예술디자인대학원장 임경호 ▦음악대학장 이 현 ▦기초교육대학장 이재운 ▦건축학부장 구본덕 ▦대학원장 겸 특수대학원장 김석규 ▦경영대학원장 안승철 ▦공학대학원장 정현열 ▦도서관장 김경란 ▦신문방송사 주간 겸 출판부장 김영수 ▦건강관리센터 소장 원규장 ▦고시원장 문상혁 ▦민족문화연구소장 이수환 ▦법학연구소장 배성호 ▦조형연구소장 임남수 ▦경영대학장 박종무  계명대 ▦동산도서관장 조현정 ▦신문방송국장 장옥관 ▦계명원격평생교육원장 이 영 ▦명교생활관장 정승학 ▦생활체육지도자연수원장 김기진  금오공대 ▦대학원장 김경훈 ▦컨설팅대학원장 김태성 ▦교무처장 이재원 ▦학생처장 방대석 ▦기획협력처장 이승희 ▦산학협력단장 곽호상 ▦전자공학부장 고지환 ▦산업공학부장 김경모 ▦에너지융합소재공학부장 권오형 ▦도서관장 임재권 ▦정보전산원장 정 해 ▦신문방송사주간 이승희 ▦상담지도센터소장 방대석 ▦중소기업산학협력센터소장 최성대 ▦구미산업기술정보센터소장 임재권 ▦  21플러스공학디자인특화산업단장 김상호 ▦산학융합사업단장 곽호상  아직 모르시나요 반칙없는 뉴스 바로가기   한국일보 페이스북   신문에는 없는 뉴스   꿀잼 동영상  ⓒ 한국일보 . ,"
교육,2015.04.29.,"포스텍·금오공대, 3D프린팅협회와 손잡고 전문인력 양성","포스텍과 금오공대, 한국3프린팅협회, 3프린팅산업협회가 정부의 ‘3프린팅 창의 메이커스 1000만명 양성계획’에 선도적으로 대응하기 위해 손을 맞잡았다. 이들은 최근 3프린팅 특화교육사업 지원을 위해 협약을 맺었다. 이들 기관은 앞으로 학생과 재직자 등 교육대상자의 수준별 맞춤형 양성프로그램 운영과 전문 강사를 활용한 찾아가는 교육을 실시할 계획이다. 교육은 실습과 전문교육 중심으로 이뤄진다. 중학생을 대상으로 3프린팅 체험 및 활용 교육을 실시하고, 특성화고와 대학생을 대상으로 창업 및 취업 연계형 전문 인력 양성에 나선다. 기업 재직자에게는 3프린팅 설계와 공정 활용 확대를 위한 실무능력 강화에 초점을 맞춘다. 포스텍 나노융합기술원은 3프린팅 특화교육 프로그램 기획 및 개발, 교육실시 등 교육 전반을 담당한다. 금오공대는 교육을 맡고, 두 3프린팅협회에서는 지원업무를 수행한다. 이번 교육을 통해 향후 3년간 1000명 이상의 교육생이 3프린팅 관련 교육을 받을 것으로 예상된다. 구미정재훈기자 .   네이버 뉴스스탠드에서 전자신문 뉴스를 구독하세요  대한민국 최강 전문 뉴스  콘텐츠 포털 전자신문   생생한  현장의 소식 밸리 ,  스타일이 살아있는 자동차매거진 9 ,  디지털세대의  쇼핑채널 이버즈 ,  미리 보는 환경에너지의 미래 그린데일리 ,  비지니스의 코어 정보기술    전자신문 앱 다운받기 전자신문 구독신청 광고문의  ⓒ 전자신문  전자신문인터넷,"
양성,2015.01.12.,금오공대 2015년 등록금 동결,"머니투데이 대학경제 김동홍 기자 금오공과대학교총장 김영식는 9일 학생, 교직원, 동문 등으로 구성된 등록금심의위원회를 개최하여 2015년도 학생 등록금을 동결하기로 결정했다.    올해 금오공대 계열별 등록금은 한 학기 기준, 인문사회계열 170만3,000원, 이학계열 177만1,000원 공학계열 189만9,000원으로 전국 국공립대학 가운데 최저 수준이다.   금오공대 김영식 총장은 “우리 대학은 2009년 이래 지속적으로 등록금을 동결 내지 인하하였다.” 며 “재정 수요가 증가하고 있는 현실에서 올해는 인상이 불가피하다고 생각하고 있었으나 정부 정책 방향에 부응하고 학생 및 학부모들의 부담을 최소화 하겠다는 의지로 등록금을 동결하기로 결정했다”고 밝혔다. 또한 “실제 소비자 물가상승률에 대비할 경우 사실상 인하가 되어 대학들의 재정 압박이 가중되고 있지만, 이러한 상황에도 수요자 중심의 교육정책을 실시하는데 최선의 노력을 기울일 것이다.며, “부족한 재정은 국책사업 유치와 소모성 경비 절감 등을 통해 극복할 방침”이라고 밝혔다.    한편, 금오공대는 창조  융합인재양성사업, 국립대학 혁신지원사업 연속 최우수 대학, 4년 연속 교육역량강화사업 최우수 대학, 대학 특성화 사업 3개 사업단 등에 선정되며 국내 유일 특수목적 공과대학으로 거듭 발전하고 있다.    내 삶을 바꾸는 정치뉴스  300 바로가기 스페셜 걸 포토 손안의 경제뉴스 머니투데이 모바일웹    티타임즈  취업의 모든 것 잡드림   김동홍 기자  저작권자 ⓒ 돈이 보이는 리얼타임 뉴스 머니투데이,"
양성,2015.01.13.,[전국 패트롤] 금오공대 올해 등록금 전국 최저수준으로 동결,"경북 구미시에 소재한 금오공과대학교 등록금심의위원회는 올해 학생 등록금을 동결키로 했다고 13일 발표했다. 이에 따라 금오공대는 지난 2009년부터 매년 등록금을 동결하거나 인하함으로써 한 학기 기준 인문사회계열은 170만원, 이학 177만원, 공학계열이 189만원으로 전국 최저수준을 유지하게 됐다. 이 학교는 창조    융합인재양성사업, 국립대학 혁신지원사업 연속 최우수 대학, 4년 연속 교육역량강화사업 최우수 대학, 대학 특성화 사업 3개 사업단 등에 선정되는 등 국내 유일의 특수목적 공대로 발하고 있다 . 이현종기자  ⓒ 한국미디어네트워크,"
양성,2015.04.29.,"경북 구미 금오공대, 융합형 창조 인재 양성...‘무한상상공간’ 오픈","헤럴드경제김상일대구 기자소통과 창의 중심 대학 캠퍼스 문화를 조성키 위한 ‘무한상상공간’이 지난 27일 경북 구미 금오공과대학교에 문을 열었다.  금오공대는 지난 2014년 선정된 미래창조과학부 창조 융합 인재양성사업의 제안 프로젝트 일환으로 이뤄진 ‘무한상상공간’을 교내 글로벌관면적 79.2㎡에 오픈했다고 29일 밝혔다. 이곳 실내는 ‘변화와 개방  ’을 주제로 다양한 학생 창의 작품들이 전시되어 있다.  이후 금오공대는 이곳을 세미나 및 프로젝트 수업을 위해 다각적으로 활용한다.  사업 설계에 참여한 산업공학부 김선아디자인공학전공 교수는 “공간 레이어드 방식을 적용해 필요에 따라 공간 넓이를 자유롭게 조정 가능 할 수 있도록 했다”며 “접이 개폐식 유리문을 사용해 완전 개폐시에는 전체를 하나의 열린 공간으로 개방된 느낌을 주었고, 필요시에는 공간을 차단해 보다 집중적인 소통을 할 수 있도록 했다”고 소개했다. 이번 사업을 주관한 김동성 융합특성화연구센터장은 “기존 금오공대에 있는  디자인스튜디오를 벤치마킹해 첨단  기술이 접목된 진화된 형태의 개념을 무한상상공간 조성에 반영했다”며 “앞으로 학생들에게 상상력을 자극하고 영감을 줄 수 있는 공간으로 활용하겠다”고 말했다. 한편, 무한상상공간은 센터사업에 참여하는 교수, 학생, 산업체 관계자들에게 자연스러운 소통의 실마리를 제공키 위한 정기적, 지속적 행사를 개최해 최신 이슈 등에 대한 브레인스토밍 등 다양한 커뮤니케이션을 할 수 있는 공간으로 활용한다고 대학 측은 설명했다.  56789. 이벤트 주니어 헤럴드 1년 구독 시 공연 티켓 선착순 증정 헤럴드경제 뉴스스탠드   헤럴드 증권방송   제3회 코리아헤럴드 청소년 외교아카데미   헤럴드경제 모바일 웹   헤럴드경제 모바일앱           ⓒ 헤럴드경제  .,"
양성,2015.08.31.,"[전국 패트롤] 부산창조경제혁신센터, 9월 'IoT 기술공모전' 外","부산창조경제혁신센터, 9월    기술공모전 부산창조경제혁신센터는 롯데그룹, 부산시, 해운대 스마트시티 추진단주관사   텔레콤의 후원으로 1일부터 30일까지 사물인터넷   기술 공모전을 연다. 이번 공모전은    신기술 확산을 촉진하고 창조기업과 창업 아이템을 발굴해    기반 창업 생태계 허브를 조성하고자 마련됐다. 공모는 예비창업자, 벤처기업, 창업 5년 이내 중소기업을 대상으로 스마트홈, 스마트빌딩, 스마트에너지관리 등    상용화가 가능한 분야 전반에 걸쳐 진행된다.  조원진기자 부산서    성공 창업가 美 통상사절단 초청행사 부산시는 창업기업의 글로벌 진출을 지원하고 글로벌 창업 네트워크를 조성하기 위해 2일부터 이틀간 미국 통상사절단 초청행사를 연다. 미국 워싱턴주 한인상공회의소 무역사절단 일원으로 방문하는 이번 사절단은 세계적인    첨단도시 시애틀의 성공 창업기업인 그레그 로빈슨, 워싱턴기술협회 최고경영자  인 마이크 슈츨러, 세계적인 창업 엑셀러레이팅 업체인 나인마일즈 랩 설립자 산자이 퓨리 등 8명이다.  조원진기자 영남대 등 경북 대학 10곳서 푸드트럭 운영 경북도는 청년·저소득층 일자리 창출을 위해 기업·대학과 함께 캠퍼스 푸드트럭 사업에 나선다. 연내에 영남대, 금오공대 등 도내 10개 대학에서 푸드트럭 시범사업을 진행할 예정이다. 시범대학이 있는 지자체가 공모로 푸드트럭 운영 대상자를 선정하면 경북도가 식품기업 등과 연계해 컨설팅, 창업비용 등을 지원한다. 대학은 푸드트럭 운영자가 청년·저소득층인 점을 고려해 장소를 무료로 제공한다.  손성락기자  대구 국가산단 내 상업용지 등 25필지 공급 대구 첫 국가산업단지 내 상업용지 등 25필지3만6,000㎡가 공급된다. 한국토지주택공사   대구경북지역본부에 따르면 대구국가산단 내 상업용지 19필지, 근린생활시설용지 4필지, 주차장용지 2필지를 경쟁입찰 방식으로 공급한다. 3.3㎡당 공급 예정가격은 상업 470680만원, 근린생활시설 380420만원, 주차장 250만원 수준이다. 오는 14일과 15일 입찰서 및 입찰금액의 5 이상을 입찰보증금으로 납부해야 한다.  손성락기자 목포시, 대양산단 분양 전문가   팀 구성 전남 목포시가 대양산단 조기 분양을 위해 전문가가 참여하는 태스크포스  팀을 운영한다.  31일 목포시에 따르면 이번   팀은 박홍률 목포시장을 본부장으로 총괄반, 대학 및 연구소, 부동산, 금융회계, 기업인 등 5개 분야 총 16명으로 구성했다. 이들 전문가는 상호 교류와 협력, 정보교환으로 산단 분양 해법을 모색하고 수시로 만남을 갖고 중요 현안을 논의하는 등 정책자문 역할도 담당한다. 목포 대양동 797번지 일원 99만㎡에 조성 중인 대양산단 분양가는 ㎡당 26만6,700원이다.  김선덕기자  울산대곡박물관서 가을맞이 허수아비 축제 울산대곡박물관이 가을의 시작과 함께 2015년 가을맞이 허수아비 축제를 연다. 허수아비 축제는 시민들이 허수아비를 제작해 전시하는 행사로 오는 11일부터 이틀간 진행된다. 만들어진 허수아비는 9월 13일부터 10월 추수 때까지 대곡박물관 주변 들판에 전시될 예정이다. 시민 누구나 참가할 수 있는 이번 행사는 1일부터 10일까지 울산대곡박물관 누리집에서 신청서를 내려받아 전자우편   . 으로 신청하면 된다. 참가비는 무료이다.  장지승기자 경남도, 의료기기 허위·과장광고 점검 경남도는 1일부터 10월 15일까지 의료기기의 거짓·과대광고에 대한 지도·점검을 한다. 지도·점검 대상은 속칭 떴다방무료체험방 등에서 의료기기 거짓·과대광고로 어르신들을 현혹하는 의료기기 판매업체이며, 부산지방식품의약품안전청과 합동으로 11개 시·군의 99개 판매업체를 지도·점검한다.  주요 점검 사항으로는 의료기기 거짓·과대광고 여부, 의료기기가 아닌 것황토, 건강 베개 등을 의료기기와 유사한 성능이나 효능, 효과가 있는 것으로 표시 또는 광고하는 여부 등이다.  황상욱기자 산업인력公경북인적자원개발委, 인력양성 약정 한국산업인력공단 경북지사는 31일 구미 센츄리호텔에서 경북지역인적자원개발위원회와 지역 산업 맞춤형 인력양성사업을 위한 약정을 체결했다. 경북지역은 구미 중심의 중부권지역 인적개발위원회와 포항 중심의 동남권 지역인적자원개발위원회가 독립적으로 운영됐으나 인력양성사업 추진의 효율화를 위해 이번에 통합했다.  이 위원회는 지역 산업에 대한 인력수요 조사와 인력수급계획 수립, 공동교육훈련기관 선정 등의 업무를 수행한다. 이번 약정을 통해 양 기관은 중소기업에 대한 인력공급을 확대해 중소기업 구인난과 청년실업 해소에 이바지할 것으로 기대된다.  이현종기자   돈이 보이는 뉴스 서울경제 페이스북 좋아요 클릭클릭  썸 타는 특별한 뉴스 서울경제썸 페이스북 바로가기 ⓒ 서울경제,"
양성,2015.12.01.,"금오공대 이상욱, '2015 대한민국 인재상' 수상","머니투데이 대학경제 권현수 기자    금오공과대학교총장 김영식는 기계시스템공학과 3학년 이상욱 학생이 ‘2015 대한민국 인재상’을 수상했다고 1일 밝혔다.   교육부가 주최, 한국과학창의재단이 주관하고 있는 ‘대한민국 인재상’에서 금오공대는 2012년 하재상전자공학부 졸업, 2014년 최현진소재디자인공학과 졸업씨에 이어 또 한명의 인재를 배출했다. 이상욱 학생은 발명과 창업분야에서 두드러진 두각을 보이며 이번 인재상 수상의 영광을 안았다.  그는 ‘제50회 발명의 날’을 맞아 발명 유공자 표창을 받았으며, ‘2015 경북 발명 아이디어 경진대회’ 대상특허청장상, ‘2015 말레이시아 국제 발명혁신기술 전시회’ 본상은상 및 러시아발명협회 특별상, ‘2015 세계발명혁신대전’금상 및 은상, 세계발명협회 특별상, 루마니아 발명가 교류회 특별상 등 국내외 발명 대회에서 수위에 올랐다. 이상욱 학생은 “기존 제품의 문제점을 파악하고 개선해 새로운 뭔가를 만드는 것을 진심으로 즐기는 것에서 다양한 발명품들을 생각하게 됐다”며 “앞으로도 제품 개발을 위한 ‘창의성’과 제품의 시장 타당성을 보는 ‘판단력’이라는 역량을 키우기 위해 끊임없는 노력을 기울이겠다”고 밝혔다.  그는 이어 “대학의 융합형프로메카트로닉스인력양성사업단 등 다양한 부서의 관계자 분들이 도움을 주신 것에 큰 감사를 드린다”고 말했다.  한편 금오공대는 그동안 창의, 인성, 체험을 위한 3    ,   ,    교육을 지속적으로 실시하며 학생들의 창의 및 인성활동을 지원하고 있다. 또한 교내 창업진흥센터와 창업교육센터를 통해 학생들의 창의 및 발명 활동에 필요한 다양한 지원을 펼치고 있다.     생존 재테크 백과사전 재테크를 부탁해  부자들에게 배우는 성공 노하우 줄리아 투자노트   내 삶을 바꾸는 정치뉴스  300 의 삶을 바꾼 내 인생 최고의 조언  아찔한  레이싱모델 핫포토   권현수 기자  저작권자 ⓒ 돈이 보이는 리얼타임 뉴스 머니투데이,"
추진,2015.11.08.,[전국 패트롤] 중국 진출 신발기업 레오파드 '부산 유턴' 外,"중국 진출 신발기업 레오파드 부산 유턴 부산시는 9일 서울 롯데호텔에서 중국에 진출한 신발 기업 레오파드와 해외사업장 부산 유턴을 위한 협약을 맺는다. 협약식에는 서병수 부산시장과 권용록 레오파드 대표가 참석해 협약서에 서명한다. 이번에 유턴하는 레오파드사는 경기도 파주에 본사를 두고 있는 안전화 제조기업으로 중국사업장의 생산량을 축소하고, 총 21억원을 투자해 부산에 국내 공장을 신설할 계획이다. 한편 2013년부터 지금까지 부산으로 돌아온 국외진출기업은 14개사이며, 이 중 11개사가 신발업체이다.  조원진기자 부산시 · 하나銀 외자유치 협력   부산시는   하나은행과 함께 9일 서울   하나은행 본사에서 국제  터           센터 개소 및 외자 유치 협력을 위한 양해각서  를 체결한다. 협약식에는 서병수 부산시장과 함영주   하나은행장이 참석한다. 협약에 따라   하나은행은 내년 상반기 부산 서면   하나은행 건물 12∼13층에 국제  센터 부산점을 설치하고 외국인을 주 고객으로 투자유치와    서비스를 제공한다. 특히 투자자문, 인수합병  , 인수금융 분야 원스톱 서비스로 외국인의 부산 투자와 진출을 도울 예정이다.  조원진기자 영천 와인 첫 美 수출길 올라 국내 최대 포도 주산지인 경북 영천에서 생산한 와인이 처음으로 미국 수출길에 올랐다. 갓바위주조는 미국 로스앤젤레스 바이어와 내년까지 100만달러 규모의 와인 수출계약을 체결했다.  이에 따라 최근 반하리와 날이 좋아 1차분 20톤4만달러을 선적한 데 이어 다음 달 5만∼10만달러 상당을 수출할 예정이다. 영천시는 앞으로 와인 경쟁력 향상과 수출 지원을 위한 대량생산체계 구축에 나설 계획이다.  손성락기자  울산 북구, 롯데건설 강동리조트 조성 허가 울산 북구는 롯데건설 측이 제출한 강동리조트 조성사업을 허가했다. 롯데건설은 총 3,100억원을 들여 10만8,985㎡부지에 1, 2차로 나눠 워터파크, 캠핑장 등을 갖춘 복합리조트를 조성할 계획이다.  이번 허가 건은 1차 추진사업으로 지하2층∼지상13층 규모의 콘도 294실, 1,472명을 수용할 수 있는 켄벤션1,472명 수용, 2,230㎡, 실내외 워터파크2만4,479㎡를 조성하게 된다. 2차는 오토캠핑장30사이트, 8,106㎡, 판매 및 문화시설3만1,100㎡ 조성사업으로 2018년까지 완료할 계획이다.  롯데건설은 건축심의절차를 거쳐 12월 초 북구청에 건축허가를 신청하고 2017년 상반기 개장을 목표로 12월 중 공사를 재개할 방침이다.  장지승기자 28일부터 광주빛가람혁신도시 직행버스 운행 광주광역시와 광주전남혁신도시빛가람혁신도시 간 직행좌석버스02번가 오는 28일부터 운행된다. 8일 광주시에 따르면 최근 국토교통부 조정위원회에서 시가 제출한 혁신도시 노선 조정신청을 인용 결정함에 따라 직행좌석버스를 혁신도시까지 연장 운행키로 했다.  이번 노선 확대로 02번은 조선대∼문화전당∼대인시장∼광주역∼전남대∼광천터미널∼시청상무지구∼공항입구∼광주송정역∼혁신도시 노선을 운행한다.  요금은 기본요금 1,700원에 시계 외 구간 요금을 적용해 최대 2,300원이다. 광주시는 야간 근무자와    심야승객을 위한 맞춤형 심야버스도 운행할 계획이다.  김선덕기자 금오공대·경북의료기기산업協 메디컬      경북 구미시에 있는 금오공과대학교가 경북의료기기산업기업협의회와 지역 메디컬    분야 활성화를 위한 업무협약  을 체결했다고 8일 밝혔다. 실질적인 산학협력으로 이 분야 기술 개발과 발전방향을 모색하고 있는 이 학교는 이번   를 계기로 관련 분야의 인력과 정보 교류와 함께 공동 세미나 등을 통해 향 기관이 공동발전방안을 추진하고 연구 공동체를 구성해 지원할 방침이다. 금오공대 관계자는 이번   와 관련해 지역 대학과 기업체, 병원이 산학공동체 분과 구성을 통해 지역 메디컬    분야에서 새로운 협력관계를 형성해 새로운 먹거리를 창출할 것이라고 말했다. 이현종기자 구미 대한민국 마이스터 대전 성황리 개최 경북 구미시는 지난 6∼7일 구미코에서 2015 대한민국 마이스터 대전을 개최했다고 8일 밝혔다. 이번 대전은 전문기능인력을 양성하고 이들에 대해 우대하는 사회 분위기 조성을 위해 마련됐다. 마이스터 관련 전시, 체험, 홍보관 운영, 전국 영 마이스터 대항전, 로봇경기대회, 꿈나무 기능경진대회 등 다양한 프로그램이 진행됐다.  구미시는 2011년 기초 지자체 최초로 숙련기술자 우대 및 지원에 관한 조례를 제정해 숙련 기술인들이 긍지와 자부심을 가질 수 있도록 기능인 우대시책을 펴 왔다.  이현종기자     돈이 보이는 뉴스 서울경제 페이스북 좋아요 클릭클릭  썸 타는 특별한 뉴스 서울경제썸 페이스북 바로가기 ⓒ 서울경제,"
